url,emails,telephones,facebook,twitter,instagram,linkedin,youtube,tiktok,contact_sources
https://hespress.com/,,,,,,,,,https://hespress.com/ ==> False
https://www.lefigaro.fr/,,,https://fr-fr.facebook.com/lefigaro/,"https://twitter.com/MEDIAFIGARO, https://twitter.com/Le_Figaro","https://www.instagram.com/media.figaro/, https://www.instagram.com/lefigaro/, https://www.instagram.com/14h_mediafigaro/","https://www.linkedin.com/company/le-figaro/mycompany/, https://www.linkedin.com/company/mediafigaro/",,https://www.tiktok.com/@lefigaro,"https://faq.lefigaro.fr/hc/fr?utm_source=faq&utm_medium=internal&utm_campaign=footer ==> False, https://faq.lefigaro.fr/hc/fr ==> False, https://media.figaro.fr/ ==> True, https://www.lefigaro.fr/ ==> True"
https://www.journaux.ma/,,,https://www.facebook.com/journauxMA,,,,,,"https://www.journaux.ma/ ==> True, https://www.journaux.ma/nous-contacter/ ==> True"
https://lematin.ma/,"contact@lematin.ma, m.boubou@lematin.ma, support@lematin.ma, y.baghdadi@lematin.ma, redactions@lematin.ma","0669904499, 0522478838, +212.522.20.30.48, 0665894112, +212.522.26.88.60, 0522489100, +212.522.48.91.58, +212.522.48.91.00, 02:28:00/2024","https://www.facebook.com/lematinsports, https://www.facebook.com/LeMatinjournal, https://www.facebook.com/assahraa.ma/",https://twitter.com/lematinpointma,"https://www.instagram.com/lematinsports, https://www.instagram.com/lematin.ma","https://linkedin.com/company/groupe-le-matin, https://www.linkedin.com/company/groupe-le-matin","https://youtube.com/lematinpointma, https://youtube.com/@lematinsports-6316","https://www.tiktok.com/@lematinpointma, https://www.tiktok.com/@lematin.sports","https://lematin.ma/kit-media ==> True, https://lematin.ma/publicite ==> False, https://lematin.ma/qui-sommes-nous ==> True, https://lematin.ma/nos-equipes ==> True, https://lematin.ma/contact ==> True, https://lematin.ma/ ==> True"
https://menara.ma/,,,https://www.facebook.com/Menara.ma/,https://twitter.com/menarama,,,https://www.youtube.com/channel/UCpsmG1-vMgaqKlbanlTcR-g,,"https://menara.ma/ ==> True, https://menara.ma/contact ==> True, https://menara.ma/qui-sommes-nous ==> True"
https://www.goud.ma/,ahmadovzahra@gmail.com,"212528892817, 00212 528892817, 00212238053",https://www.facebook.com/Goudmediaa,https://twitter.com/goudma1,https://www.instagram.com/goud.ma,,,https://www.tiktok.com/@goud.ma,"https://www.goud.ma/ ==> True, https://www.goud.ma/mentions-legales/ ==> True, https://www.goud.ma/%d9%84%d9%84%d8%a5%d8%aa%d8%b5%d8%a7%d9%84/ ==> True, https://www.goud.ma/#google_vignette ==> True, https://www.goud.ma/%d9%85%d9%86-%d9%86%d8%ad%d9%86%d8%9f/ ==> True"
https://www.leconomiste.com/,"publicite@leconomiste.com, mareaction@leconomiste.com, abonnement@leconomiste.com, redaction@leconomiste.com, communication@leconomiste.com","+212522365926, +212522953600",https://www.facebook.com/leconomistemaroc,https://twitter.com/Leconomiste_?utm_,https://www.instagram.com/leconomiste.officiel/,https://www.linkedin.com/company/leconomistemaroc,https://www.youtube.com/user/GroupeEcomedias?utm_,,"https://www.leconomiste.com/contact ==> True, https://www.leconomiste.com/ ==> True, https://www.leconomiste.com/membres-economiste ==> True, https://www.leconomiste.com/videos-institutionnelles ==> True"
https://www.lemonde.fr/,droitsdauteur@lemonde.fr,9522125107875,"https://www.facebook.com/lemonde.fr, https://www.facebook.com/privacy/policy/version/20220104","https://twitter.com/fr/privacy, https://twitter.com/lemondefr","https://www.instagram.com/lemondefr/?hl=fr, https://help.instagram.com/519522125107875/?helpref=uf_share",https://fr.linkedin.com/legal/privacy-policy/,https://www.youtube.com/user/LeMonde,https://www.tiktok.com/@lemondefr,"https://www.lemonde.fr/ ==> True, https://arcade.lemonde.fr/echecs/ ==> False, https://www.lemonde.fr/syndication/ ==> True"
https://lefaso.net/,"drame sekou54@yahoo.fr, theresi69@yahoo.fr, freeafrichei@gmail.com, raoul@uk4africa.com, ouedraogoissouf3@gmail.com, 0223.yahoo@gmail.com, lefasonet@gmail.com, iyempabou@yahoo.fr, cyriaque.pare@lefaso.net, stevenba1@live.fr, benao_cynthia@yahoo.com, sekou54@yahoo.fr, badoelisee@g,ail.com, contact@lefaso.net, zigfalconpic@gmail.com, divahe@yahoo.fr, ouatcha@hotmail.com, daruisdenon@yahoo.com, lefasonet@yahoo.fr, ouedraogo.rakis@gmail.com, admin@lefaso.net, cyriaque.pare@gmail.com, Koandakarim1985@yahoo.fr, tenere99@aol.com","79/74.74.59.74, (226)25352079, 65082779, 653270:784053433, 78215922, 70245059/79741930, 78731106, 0022674745974, 70245059/797419305, 76451804/70593462, 226747459747, (226)70740751, 451804/70593462, 8654814987200, +33631994114, 70234608, 6/7014864413, 70148644, 50.35.20.79/74.74.59.74, 226)25352079226)70740751, 01865481498, (00226)70250881, (226)74745974, 226)25352079226)74745974","https://www.facebook.com/sharer/sharer.php?u=https://lefaso.net/spip.php?article64819&amp;display=popup, https://www.facebook.com/sharer/sharer.php?u=https://lefaso.net/spip.php?article5736&amp;display=popup, https://www.facebook.com/lefaso.net, https://www.facebook.com/sharer/sharer.php?u=https://lefaso.net/spip.php?article32&amp;display=popup","https://twitter.com/intent/tweet?url=https://lefaso.net/spip.php?article32&amp;text=Ecrivez-nous, https://twitter.com/Lefaso_net, https://twitter.com/intent/tweet?url=https://lefaso.net/spip.php?article64819&amp;text=Les Editions Lefaso, https://twitter.com/Lefaso_net?ref_src=twsrc%5Etfw%7Ctwcamp%5Eembeddedtimeline%7Ctwterm%5Escreen-name%3ALefaso_net%7Ctwcon%5Es2, https://twitter.com/intent/tweet?url=https://lefaso.net/spip.php?article5736&amp;text=Publicité",https://www.instagram.com/lefasonet/?hl=fr,"https://www.linkedin.com/sharing/share-offsite/?url=https://lefaso.net/spip.php?article64819, https://www.linkedin.com/sharing/share-offsite/?url=https://lefaso.net/spip.php?article32, https://www.linkedin.com/sharing/share-offsite/?url=https://lefaso.net/spip.php?article5736",https://www.youtube.com/@LefasonetTV,,"https://lefaso.net/spip.php?article5736&rubrique17t ==> True, https://lefaso.net/spip.php?article64819 ==> True, https://lefaso.net/spip.php?article32&rubrique17 ==> True, https://lefaso.net/ ==> True"
https://www.lavieeco.com/,,,,,,,,,https://www.lavieeco.com/ ==> False
http://165.22.111.194/,,,,,,,,,http://165.22.111.194/ ==> False
https://lnt.ma/,,,https://www.facebook.com/LaNouvelleTribune,https://twitter.com/lanouvelleT,https://www.instagram.com/lnt.ma/?hl=fr,https://www.linkedin.com/company/la-nouvelle-tribune,,,"https://lnt.ma/ ==> True, https://lnt.ma/contact/ ==> True, https://lnt.ma/a-propos/ ==> True"
https://lobservateur.info/,,"212522465950212522465960, +212522260147, +212522465960, +212522465950",https://www.facebook.com/LobservateurDuMaroc/,https://twitter.com/LObsMarAf,https://www.instagram.com/lobservateur_du_maroc/,,https://www.youtube.com/channel/UCcvFra8f68F2jWHmV_JyshA,,"https://lobservateur.info/ ==> True, https://lobservateur.info/contact ==> True"
https://kifache.com/,"mahlasimo@gmail.com, kifacheinfo@gmail.com",,https://www.facebook.com/Kifache.Officiel/,https://twitter.com/kifachinfo,,,https://www.youtube.com/channel/UCDnHrNrivT4AkwJdAgE8ZCw,,"https://kifache.com/ ==> True, https://kifache.com/%d8%a7%d8%aa%d8%b5%d9%84-%d8%a8%d9%86%d8%a7/ ==> True, https://kifache.com/conditions/ ==> True, https://kifache.com/%d9%87%d9%8a%d8%a3%d8%a9-%d8%a7%d9%84%d8%aa%d8%ad%d8%b1%d9%8a%d8%b1/ ==> True, https://kifache.com/%d9%84%d9%84%d8%a5%d8%b4%d9%87%d8%a7%d8%b1/ ==> True"
https://www.libe.ma/,"admin@libe.ma, publiberation@gmail.com, chaabichady@libe.ma, mouradtabet@libe.ma, kamalmountassir@libe.ma, mohamedbouarab@libe.ma, hassanbentaleb@libe.ma, alainbouithy@libe.ma, annoncesliberation@libe.ma, liberation@libe.ma, mehdiouassat@libe.ma, Liberation@libe.ma, mohamedbenarbia@libe.ma","052262.09.72, 052261.94.04/052262.32.32, 052231.00.62, 052261.94.04, 0522620972, 052231.28.10, 0522619400/04, 052262.32.32",,,,,https://www.youtube.com/watch?v=kF2CWUWYF24,,"https://www.libe.ma/ ==> True, https://www.libe.ma/pages/ ==> True"
https://www.alalam.ma/,,,"https://www.facebook.com/alalam.web, https://www.facebook.com/alalamjournal/",https://twitter.com/alalam_web,https://www.instagram.com/alalam.web/,,https://www.youtube.com/channel/UCx71YxB3rtPRlRqdpi-SrNg,,"https://www.alalam.ma/%D8%A5%D8%B9%D9%84%D8%A7%D9%85-%D9%88%D8%AA%D9%88%D8%A7%D8%B5%D9%84_r17.html ==> True, https://www.alalam.ma/ ==> True"
https://aujourdhui.ma/,,"0522457563, 0522457560, 0522542009",https://www.facebook.com/aujourdhui.ma,https://twitter.com/AujourdhuiMa,https://www.instagram.com/aujourdhui.ma/,https://ma.linkedin.com/company/aujourd-hui-le-maroc,https://www.youtube.com/c/ALMWEBTV,,"https://aujourdhui.ma/#google_vignette ==> True, https://aujourdhui.ma/ ==> True, https://aujourdhui.ma/qui-sommes-nous ==> True, https://aujourdhui.ma/contact ==> True"
https://femmesdumaroc.com/,"courier@femmesdumaroc.com, courrier@femmesdumaroc.com","05.22.34.72.22, 05.22.95.02.80",https://www.facebook.com/FemmesDuMaroc.Caftan,https://twitter.com/femmesdumaroc,https://www.instagram.com/femmesdumaroc_officiel/,,https://www.youtube.com/@femmesdumaroc/featured,https://www.tiktok.com/@femmesdumaroc_officiel,"https://femmesdumaroc.com/qui-sommes-nous-3 ==> True, https://femmesdumaroc.com/author/alaoui ==> True, https://femmesdumaroc.com/author/fdm ==> True, https://femmesdumaroc.com/ ==> True"
https://medi1tv.com/,"redaction@medi1tv.com, info@medi1tv.com, commercial@regie3.ma, recrutement@medi1tv.com","00212539399800, +212539394507, 00212539394507, +212539399800",https://www.facebook.com/medi1tv,https://www.twitter.com/medi1tv,https://www.instagram.com/medi1tv,https://www.linkedin.com/company/medi1tv/,https://www.youtube.com/medi1tv,,"https://medi1tv.com/ar/chaine ==> True, https://medi1tv.com/ar/reportages/invites ==> True, https://medi1tv.com/ar/%D8%B6%D9%8A%D9%81-%D8%A7%D9%84%D8%AA%D8%AD%D8%B1%D9%8A%D8%B1 ==> True, https://medi1tv.com/ar/%23 ==> True, https://medi1tv.com/ar/regie ==> True, https://medi1tv.com/ ==> True, https://medi1tv.com/ar/contact ==> True"
https://madame.lefigaro.fr/,"pubprint@figaromedias.fr, pubweb@figaromedias.fr, syndication-service@lefigaro.fr",,"https://fr-fr.facebook.com/MadameFigaro/, https://www.facebook.com/sharer/sharer.php?u=https%3A%2F%2Fmadame.lefigaro.fr%2Fcontacts&amp;display=popup","https://twitter.com/Madamefigaro, https://twitter.com/intent/tweet?url=https%3A%2F%2Fmadame.lefigaro.fr%2Fcontacts&amp;text=Madame%20Figaro%20-%20%C3%A0%20lire%20%3A%20Contacts","https://www.instagram.com/madamefigarofr/?hl=fr, https://www.instagram.com/madofficiel/","https://www.linkedin.com/sharing/share-offsite/?url=https%3A%2F%2Fmadame.lefigaro.fr%2Fcontacts, https://www.linkedin.com/showcase/madame-figaro/",,,"https://madame.lefigaro.fr/ ==> True, https://faq.lefigaro.fr/hc/fr ==> False, https://madame.lefigaro.fr/contacts ==> True"
https://golf.lefigaro.fr/,,,https://fr-fr.facebook.com/lefigaro/,"https://twitter.com/MEDIAFIGARO, https://twitter.com/Le_Figaro","https://www.instagram.com/media.figaro/, https://www.instagram.com/lefigaro/, https://www.instagram.com/14h_mediafigaro/","https://www.linkedin.com/company/le-figaro/mycompany/, https://www.linkedin.com/company/mediafigaro/",,https://www.tiktok.com/@lefigaro,"https://faq.lefigaro.fr/hc/fr?utm_source=faq&utm_medium=internal&utm_campaign=footer ==> False, https://faq.lefigaro.fr/hc/fr ==> False, https://media.figaro.fr/ ==> True, https://golf.lefigaro.fr/ ==> True"
https://www.avito.ma/,,,https://www.facebook.com/Avito.ma,https://www.twitter.com/Avitoma,https://www.instagram.com/avito.ma,https://www.linkedin.com/company/avitomaroc/,https://www.youtube.com/channel/UCtslQB0IQ98Hfd-V3rNhzjA,,https://www.avito.ma/ ==> True
http://nouchi.com/,,910111213141516171819202122232425262728293031,https://www.facebook.com/nouchicom,https://twitter.com/share,,,,,"http://nouchi.com/ ==> True, http://nouchi.com/contact.html ==> False, http://nouchi.com/publicite.html ==> False"
https://www.meretmarine.com/fr,"abonnement@meretmarine.com, helene.marzal@meretmarine.com, info@meretmarine.com, helenmarzal@meretmarine.com","0298622093, 6724329672, 0676056550, 0298627530, 0298627641",https://www.facebook.com/MerEtMarine,https://twitter.com/MeretMarine,,https://fr.linkedin.com/company/meretmarine,,,"https://www.meretmarine.com/fr ==> True, https://www.meretmarine.com/fr/qui-sommes-nous ==> True, https://www.meretmarine.com/fr/nous-contacter#no-back ==> True"
https://www.infomediaire.net/,"commercial@cngroup.ma, marketing@infomediaire.ma, contact@cngroup.ma",0520245146,,,,,https://www.youtube.com/watch?v=kF2CWUWYF24,,"https://www.infomediaire.net/a-propos-de-nous/ ==> True, https://www.infomediaire.net/contact/ ==> True, https://www.infomediaire.net/ ==> True"
https://www.abidjan.net/,info@weblogy.com,,https://www.facebook.com/abidjan.net,https://twitter.com/abidjan_net,,,https://www.youtube.com/user/abidjannetTV,,https://www.abidjan.net/ ==> True
https://www.hibasport.com/,infos.amtm@gmail.com,"+2727, +23234, +212 27271, 6313, 672, 0019:0019:00, +235, 5959, 7306, +258, +2680, +212 6680, +212 2334, +212 231210, 589, -19:0019:0019:0019:, +63, +2710, +2721, 6363, 7255, +6380, +359, 00212 66339713, +234, +7255, 42024-05-21, +2101, +7475, +212 27121, +7271, +212 6305, +20 244..., 12345678910, +7306, 687, 6235, 002126633971342024-, 6258, +212 210, +2110, +588, 5288, 00212663397134, +672, +787, +3065, 7475",,,,,,,"https://www.hibasport.com/#google_vignette ==> True, https://www.hibasport.com/contact.html ==> True, https://www.hibasport.com/ ==> True"
https://www.marocecho.com/,contact@marocecho.com,,,,,,,,https://www.marocecho.com/ ==> True
https://www.bladi.net/,,,,,,,,,"https://www.bladi.net/ ==> False, https://www.bladi.net/contact.html ==> False"
https://www.lemag.ma/,", editors@lemag.ma","+33140219595, +33-140219595, +33 140219595",,,,,,,"https://www.lemag.ma/ ==> False, https://www.lemag.ma/contacter-lequipe/ ==> True"
https://www.alarabiya.net/,"logo@2x.png, contactus@alarabiya.net",,https://www.facebook.com/AlArabiya/,https://www.twitter.com/AlArabiya/,https://www.instagram.com/alarabiya/,https://www.linkedin.com/company/alarabiya/,https://www.youtube.com/alarabiya/,,https://www.alarabiya.net/ ==> True
https://www.achnoo.com/,,,,,,,,,"https://www.achnoo.com/ ==> False, https://www.achnoo.com/contact/ ==> False"
https://www.aeronautique.ma/,contact@aeronautique.ma,,"https://www.facebook.com/Aeronautique.ma, http://www.facebook.com/share.php?u=https%3A%2F%2Fwww.aeronautique.ma%2FAeronautique-ma-Qui-sommes-nous_a4844.html","http://twitter.com/intent/tweet?text=Aeronautique.ma+%3A+Qui+sommes-nous+%3F+http%3A%2F%2Fxfru.it%2FyGgqsa, http://twitter.com/aerohebdo",http://instagram.com/aeronautique.ma/,http://www.linkedin.com/shareArticle?mini=true&amp;url=https%3A%2F%2Fwww.aeronautique.ma%2FAeronautique-ma-Qui-sommes-nous_a4844.html&amp;title=Aeronautique.ma+%3A+Qui+sommes-nous+%3F&amp;source=&amp;summary=,http://www.youtube.com/user/aeronautiquema,,"https://www.aeronautique.ma/ ==> True, https://www.aeronautique.ma/forms/Demande-Media-Kit-2024_f5.html ==> True, https://www.aeronautique.ma/forms/Pour-nous-contacter_f3.html ==> True, https://www.aeronautique.ma/Aeronautique-ma-Qui-sommes-nous_a4844.html ==> True"
https://www.yabiladi.com/,"redaction@yabiladi.com, webmaster@yabiladi.com, pub@yabiladi.com",,https://www.facebook.com/fr.yabiladi,https://twitter.com/yabiladi_fr,,,https://www.youtube.com/c/yabiladiTv,,"https://www.yabiladi.com/ ==> True, https://www.yabiladi.com/contact/nous ==> True"
https://febrayer.com/,02d@2x.png,"2626242622, 04:3406:1813:25",https://web.facebook.com/febrayer?_rdr,https://twitter.com/Febrayer_com,https://www.instagram.com/febrayer/?hl=en,,https://www.youtube.com/channel/UCbCayPbm7dTpbyNOPuMsSfA,https://www.tiktok.com/@febrayer.com,"https://febrayer.com/category/%d8%a7%d8%b9%d9%85%d8%af%d8%a9 ==> False, https://febrayer.com/ ==> True, https://febrayer.com/ ==> False"
https://lareleve.ma/,sreleve@yahoo.fr,"+212537736115, +212537736115+212661368360, +212661368360",https://www.facebook.com/lareleve.ma,https://twitter.com/sitelareleve,,,"https://www.youtube.com/channel/UC5qP_JL9h5TTZd4Qp6wA1qA, https://www.youtube.com/channel/UCd5UHAiOKrhs39YzzXs5PTQ",,"https://lareleve.ma/contactez-nous/ ==> True, https://lareleve.ma/ ==> True, https://lareleve.ma/#google_vignette ==> True"
https://burkina24.com/,info@burkina24.com,"226)25-33-38-30, +(226)25-33-38-30","https://web.facebook.com/Burkina24, https://www.facebook.com/Burkina24",https://twitter.com/burkina24,https://www.instagram.com/burkina24/,https://www.linkedin.com/company/burkina-24/,https://www.youtube.com/user/B24Ouaga/videos,"https://www.tiktok.com/@burkina_24?, https://www.tiktok.com/@burkina_24","https://burkina24.com/#google_vignette ==> True, https://burkina24.com/author/redaction-b24/ ==> True, https://burkina24.com/ ==> True"
https://www.faso-tic.net/?lang=fr,,,,,,,,,https://www.faso-tic.net/?lang=fr ==> False
https://www.elkhabar.com/,,,,,,,,,https://www.elkhabar.com/ ==> False
https://www.aljazeera.net/,,,"https://www.facebook.com/aljazeera.net, https://www.facebook.com/AlJazeeraPR","https://twitter.com/AJArabicnet, http://www.twitter.com/AlJazeera, https://www.twitter.com/honaaljazeera","https://www.instagram.com/ajmnpr, https://www.instagram.com/aljazeera.net/",,https://www.youtube.com/channel/UC7nv41HpN5wqwjC2EQykymQ,https://www.tiktok.com/@ajarabicnet,"https://network.aljazeera.net/ar ==> True, https://network.aljazeera.net/ar/contact?tid=145 ==> True, https://www.aljazeera.net/%D8%A7%D8%AD%D8%B5%D9%84-%D8%B9%D9%84%D9%89-%D8%A7%D9%84%D9%85%D8%B3%D8%A7%D8%B9%D8%AF%D8%A9 ==> True, https://commercial.aljazeera.net/ ==> False, https://www.aljazeera.net/ ==> True"
https://www.safipress.com/,,,,,,,,,https://www.safipress.com/ ==> False
https://econostrum.info/,,,https://www.facebook.com/Econostrum.info/,https://twitter.com/Econostrum_info,,,https://www.youtube.com/@YtbEconostrum,,https://econostrum.info/ ==> True
https://www.educarriere.ci/,ci@educarriere.net,"5514141401414114142722444448, 2722444448, 0141411414, 551414140141411414, 0555141414",https://www.facebook.com/pages/Educarriere/141995289165934,https://twitter.com/#!/Educarriere_CI,,https://www.linkedin.com/showcase/educarriere/,https://www.youtube.com/channel/UCCuiAY9_-1qSsliygM6p0XA,,https://www.educarriere.ci/ ==> True
https://www.akhbarona.com/,"contact@akhbarona.com, Contact@akhbarona.com, Akhbarona@hotmail.com","00212690937254, 212690937254",,,,,,,"https://www.akhbarona.com/team.html ==> True, https://www.akhbarona.com/contact/ ==> True, https://www.akhbarona.com/#google_vignette ==> False, https://www.akhbarona.com/ ==> False, https://www.akhbarona.com/index.1.html ==> False, https://www.akhbarona.com/submit.html ==> True"
https://leguide.ma/,info@leguide.ma,,https://www.facebook.com/3wdev.ma,https://twitter.com/Agence3wdev,https://www.instagram.com/3wdev/,,https://www.youtube.com/channel/UCqGHUlWLGNkJIrPvz7iOK_A,,"https://leguide.ma/a-propos-de-nous/ ==> True, https://leguide.ma/ ==> True, https://leguide.ma/contact/ ==> True"
https://atlasinfo.fr/,,,https://www.facebook.com/Atlasinfo.fr,https://twitter.com/atlasinfo,https://instagram.com/atlasinfo.fr,,https://youtube.com/channel/UCihF5DU7l6o0Qtw9SVltthQ,,https://atlasinfo.fr/ ==> True
https://www.infomaroc.net/,contact@infomaroc.net,,,,,,,,"https://www.infomaroc.net/equipe-de-travail/ ==> True, https://www.infomaroc.net/contact/ ==> True, https://www.infomaroc.net/ ==> True"
https://www.maghrebemergent.com/,,,,,,,,,"https://www.maghrebemergent.com/contact/ ==> False, https://www.maghrebemergent.com/notre-equipe/ ==> False, https://www.maghrebemergent.com/ ==> False"
https://www.rewmi.com/,"reminetwork@gmail.com, mbene.promo@gmail.com, rewminetwork@gmail.com, redactionrewmi.com@gmail.com","+221777827503, 221338676700, +221777827515, 221777827503, 221777827515, +221338676700",https://www.facebook.com/rewmiofficiel,https://twitter.com/RewmiOfficiel,https://www.instagram.com/rewmipointcom/,https://www.linkedin.com/company/rewmi-officiel,https://www.youtube.com/user/rewmiofficiel,,https://www.rewmi.com/ ==> True
https://www.lesechos.fr/,"communication-regie@lesechosleparisien.fr, serviceclients@lesechos.fr, u002F0e0a1086b96c97ed33644f39e90e698e@o4505647359524864.ingest.sentry.io","22538855,37-0.11, 0170376136","https://www.facebook.com/lesechos/, https://www.facebook.com/Team-Media-475986885908701/","https://twitter.com/EchosParisien_M, https://twitter.com/LesEchos","https://instagram.com/echosparisienmedias, https://www.instagram.com/lesechos/","https://www.linkedin.com/company/les-echos/, https://www.linkedin.com/company/les-echos, https://www.linkedin.com/company/lesechosleparisienmedias",,,"https://medias.lesechosleparisien.fr/portfolio/accueil/#utm_source=le%3Alec0f&utm_medium=click&utm_campaign=footer_ad ==> True, https://www.lesechos.fr/ ==> True, https://aide.lesechos.fr/#faq-formulaire#utm_source=le%3Alec0f&utm_medium=click&utm_campaign=footer_help ==> True"
https://kech24.com/,"redaction@kech24.com, info@kech24.com, contact@kech24.com",,"https://www.facebook.com/sharer/sharer.php?u=https%3A%2F%2Fkech24.com%2F%25d9%2581%25d8%25b1%25d9%258a%25d9%2582-%25d8%25a7%25d9%2584%25d8%25b9%25d9%2585%25d9%2584.html, https://www.facebook.com/kech24/","https://twitter.com/kech24, https://twitter.com/intent/tweet?url=https%3A%2F%2Fkech24.com%2F%25d9%2581%25d8%25b1%25d9%258a%25d9%2582-%25d8%25a7%25d9%2584%25d8%25b9%25d9%2585%25d9%2584.html&amp;text=فريق العمل",https://www.instagram.com/kech24officiel/,,https://www.youtube.com/channel/UCHCJSdpqtpKzSaOBJ87NmNw,,"https://kech24.com/%d9%81%d8%b1%d9%8a%d9%82-%d8%a7%d9%84%d8%b9%d9%85%d9%84.html ==> True, https://kech24.com/cat/%d9%84%d9%84%d9%86%d8%b3%d8%a7%d8%a1 ==> True, https://kech24.com/%d8%a7%d8%aa%d8%b5%d9%84-%d8%a8%d9%86%d8%a7-%d9%85%d9%88%d8%a8%d8%a7%d9%8a%d9%84 ==> True, https://kech24.com/ ==> True, https://kech24.com/%d9%84%d9%84%d8%a5%d8%b4%d9%87%d8%a7%d8%b1-2 ==> True"
https://www.dakaractu.com/,"dakaractu@gmail.com, pub.dakaractu@gmail.com",,https://www.facebook.com/dakaractupointcom/,https://twitter.com/dakaractu,https://www.instagram.com/dakaractu/,,https://www.youtube.com/channel/UCG0t6XiAHui-ziz7SwFTN0g,,https://www.dakaractu.com/ ==> True
https://www.zoodomail.com/,"tiemtor@yahoo.fr, contact@zoodomail.com","(00226)73613434, (00226)25450786, 226)73613434",,,,,,,https://www.zoodomail.com/ ==> True
https://www.koaci.com/,"contact@koaci.com, koaci@yahoo.fr","+2250708855293, +225 708 855 293",https://www.facebook.com/pages/Koacicom-Linfo-au-coeur-de-lAfrique/261076326310,https://twitter.com/Koaci,,,,,"https://www.koaci.com/#google_vignette ==> True, https://www.koaci.com/ ==> True"
https://www.seneweb.com/,"pub@seneweb.com, redaction@seneweb.com","+221772433535, +221338600950, 221772433535221338601090221338600950, +221338601090, +1-202-596-2610",https://www.facebook.com/SenewebPointCom/,https://twitter.com/seneweb?lang=en,,,https://www.youtube.com/channel/UCUotxi5bHZo2hVxyn6Ss6RQ?sub_confirmation=1,,https://www.seneweb.com/ ==> True
https://www.sahara24.net/,"u0644sahara24media@gmail.com, sahara24media@gmail.com","123456789101112131415161718, 0808504964, 0670883299",https://www.facebook.com/sahara24.net,https://twitter.com/sahara24maroc,https://instagram.com/sahara24officiel,,https://youtube.com/channel/UCiHA8dbkedPuOry6_OMs3mw,https://www.tiktok.com/@sahara24.net,"https://www.sahara24.net/team/ ==> True, https://www.sahara24.net/ ==> True, https://www.sahara24.net/contact/ ==> True, https://www.sahara24.net/publicite/ ==> True"
https://www.marrakech24.info/,Contact[@]Marrakech24.info,"91011121314151617181920, 92312345»102030, 0662085501",https://www.facebook.com/Mraksh24/,,,,https://www.youtube.com/channel/UCEmMolf4nXb4GE_zwvcmafQ,,"https://www.marrakech24.info/%d9%87%d9%8a%d8%a6%d8%a9-%d8%a7%d9%84%d8%aa%d8%ad%d8%b1%d9%8a%d8%b1 ==> True, https://www.marrakech24.info/ ==> True, https://www.marrakech24.info/author/hamid ==> True, https://www.marrakech24.info/%d8%a5%d8%aa%d8%b5%d9%84-%d8%a8%d9%86%d8%a7 ==> True, https://www.marrakech24.info/%d9%85%d9%86-%d9%86%d8%ad%d9%86 ==> True"
https://www.leral.net/,,428/05/2024,,,,,,,"https://www.leral.net/#google_vignette ==> True, https://www.leral.net/ ==> True"
https://www.20minutes.fr/,"montpellier@20minutes.fr, dpo@20minutes.fr, vplumot@20minutes.fr, acirez@rosselconseilmedias.fr, recrutement@20minutes.fr, bordeaux@20minutes.fr, strasbourg@20minutes.fr, agencenicepresse@gmail.com, paris@20minutes.fr, yketfi@20minutes.fr, polepublocales@20minutes.fr, 96lyon@20minutes.fr, polepartenariat@20minutes.fr, nmanuel@20minutes.fr, slopes@20minutes.fr, marketing@20minutes.fr, mailtopolepublocales@20minutes.fr, 59bordeaux@20minutes.fr, 00toulouse@20minutes.fr, ops@20minutes.fr, toulouse@20minutes.fr, 70nantes@20minutes.fr, jpallier@20minutes.fr, marseille@20minutes.fr, 65rennes@20minutes.fr, adops@20minutes.fr, rennes@20minutes.fr, nantes@20minutes.fr, jrodrigues@20minutes.fr, infopresse@20minutes.fr, aroulland@20minutes.fr, lyon@20minutes.fr, 43marseille@20minutes.fr, 36strasbourg@20minutes.fr, lille@20minutes.fr, cjardin@rosselconseilmedias.fr","0491335943, 05565669, 0153266565, 04913359, 01532665, +33153266565), 0388239636, 0240899270, +33153266565, 02492969, 02408992, 05343093",https://www.facebook.com/20minutes,"https://twitter.com/20minutesmedia, https://twitter.com/20Minutes",https://www.instagram.com/20minutesfrance/,,https://www.youtube.com/channel/UCD25QI36ly-8hWm9OPOz7aw,https://www.tiktok.com/@20minutesfrance?lang=fr,"https://www.20minutes.fr/contact ==> True, https://www.20minutes.fr/ ==> True, https://www.20minutes-media.com/contacts ==> True"
https://www.jeuneafrique.com/,"contact-emploi@jeuneafrique.com, redaction@jeuneafrique.com, abonnement-ja@jeuneafrique.com, service.client@jeuneafrique.com, a.jamier@jeuneafrique.com, regie@jeuneafrique.com, redaction-emploi@jeuneafrique.com, f.lefebvre@jeuneafrique.com","+33(0)187640629, +33(0)783959870, +33(0)144701474, 0144701474, +33(0)144301960, +33(0)1 44701474, +(33)144301876",https://www.facebook.com/jeuneafrique1,"https://twitter.com/Jeune_Afrique, https://twitter.com/jhedoux",,https://www.linkedin.com/company/jeune-afrique/mycompany/,https://www.youtube.com/channel/UCWkbzzrku8lwKK6DoBl4yTg,,"https://www.jeuneafrique.com/qui-sommes-nous/ ==> True, https://www.jeuneafrique.com/dossiers/les-20-futurs-champions-de-la-tech-africaine-2024/ ==> True, https://www.jeuneafrique.com/ ==> True, https://www.jeuneafrique.com/emploi-formation/recruteurs/646634/jeune-afrique-media-groupe/ ==> True, https://www.jeuneafrique.com/contacts/ ==> True"
https://www.agenceecofin.com/,"bf@agenceecofin.com, redaction@agenceecofin.com","+41223019611, +41 786991372, +41 2230 19611, +41 223019611, +41786991372",,,,,https://www.youtube.com/channel/UCagDqcSk9AONbgEgSOsZ55A,https://www.tiktok.com/@agenceecofin,"https://www.agenceecofin.com/ ==> True, https://www.agenceecofin.com/equipe ==> True"
https://aps.sn/,,,https://www.facebook.com/APSoSenegal,https://twitter.com/aps_senegal/,,,"https://www.youtube.com/@APS_TV, https://www.youtube.com/embed/yUwNZf3Hw-E?autoplay=0&amp;autohide=1&amp;fs=1&amp;rel=0&amp;hd=1&amp;wmode=opaque&amp;enablejsapi=1",,https://aps.sn/ ==> True
https://www.oujdacity.net/,,"02/05/2024/0, 27/03/2024/0, 08/05/2024/0, 67891011121314151617181920, 7891011121314151617181920","http://www.facebook.com/sharer.php?u=/, http://www.facebook.com/sharer.php?u=/contact","https://twitter.com/intent/tweet?status=home%20-%20/, https://twitter.com/intent/tweet?status=Contacter+L%26rsquo%3B%C3%A9quipe+OujdaCity%20-%20/contact",,,https://www.youtube.com/channel/UCkNkyEZESFZ1r3thgCBLNAA,,"https://www.oujdacity.net/ ==> True, https://www.oujdacity.net/contact ==> True, https://www.oujdacity.net/#google_vignette ==> True"
https://www.webmanagercenter.com/,img@planet.tn,"(+216)71.962.775, +(216)71.962.617, (+216)71.962.775-71.962.617, +216 71962617, +216 71962775",https://www.facebook.com/wmc.img,https://twitter.com/WmcMedias,,https://www.linkedin.com/company/webmanagercenter,https://www.youtube.com/channel/UCQRZm0WTJ7KCirOp57g1GgQ,,https://www.webmanagercenter.com/ ==> True
https://labass.net/,,,,,,,,,"https://labass.net/ ==> False, https://labass.net/contact ==> False"
https://www.h24info.ma/,"l.ridaoui@geomedia.ma, m.laraki@geomedia.ma, amalbabaali@gmail.com, contact@geomedia.ma","22221859-83, -83, 0522221859",https://www.facebook.com/H24Info/,https://twitter.com/h24info,https://www.instagram.com/h24info.ma,https://www.linkedin.com/company/h24infoma/,,,https://www.h24info.ma/ ==> True
https://www.maghreb-intelligence.com/,"zoubeir@maghreb-intelligence.com, azayer@maghreb-intelligence.com, skander@maghreb-intelligence.com, caterina.lalovnovka@maghreb-intelligence.com, foulahi@maghreb-intelligence.com, galveli@maghreb-intelligence.com, pub@maghreb-intelligence.com, info@maghreb-intelligence.com",,https://www.facebook.com/MaghrebIntelligenceOfficiel/,https://twitter.com/Maghreb_Intel,,https://www.linkedin.com/company/maghrebintelligence/,https://www.youtube.com/channel/UCk_FMCdurd4rDsdeX2xsOCw,,"https://www.maghreb-intelligence.com/a-propos/ ==> True, https://www.maghreb-intelligence.com/publicite/ ==> True, https://www.maghreb-intelligence.com/contactez-nous/ ==> True, https://www.maghreb-intelligence.com/ ==> True"
https://nador24.com/,,,,,,,,,https://nador24.com/ ==> False
https://jadid24.com/,,,https://www.facebook.com/Jadid24com,,,,,,"https://jadid24.com/ ==> True, https://jadid24.com/59102-2/ ==> False, https://jadid24.com/category/uncategorized/ ==> False"
https://www.usinenouvelle.com/,"newsletters.ud@infopro-digital.com, abo@usinenouvelle.fr","+33177929914, 2220212020, 403080823, 0102030405, Nanterre B 403080823, 0177929914, IPD Nanterre 490727633, 490727633, +33 177929914, Groupe Industrie Service Info (GISI) Nanterre 442233417, 442233417","https://www.facebook.com/usinenouvelle  , https://www.facebook.com/usinenouvelle","https://twitter.com/usinenouvelle, http://twitter.com/usinenouvelle",,https://www.linkedin.com/company/l'usine-nouvelle/,,,"https://www.usinenouvelle.com/contact ==> True, https://www.usinenouvelle.com/capitalisme-responsable/ ==> True, https://www.usinenouvelle.com/ ==> True, https://www.usinenouvelle.com/les-rendez-vous-de-la-redaction/ ==> True"
https://tanja24.com/,"contactanja24@gmail.com, Contact@avenirmedia.ma",06.60.02.49.80,"https://www.facebook.com/tanja24com/, https://facebook.com/envato","https://twitter.com/Tanja24com, https://twitter.com/envato","https://instagram.com/envato, https://www.instagram.com/tanja24com/",,"https://www.youtube.com/channel/UCh-afy_XPEM86ZQRhMxXXUw, https://www.youtube.com/watch?si=i8i8gLDK8Qp9l4m-&amp;v=kF2CWUWYF24&amp;feature=youtu.be",,"https://tanja24.com/contact-2/ ==> True, https://tanja24.com/ ==> True"
https://meknespress.com/,"zehramedia@gmail.com, meknes.media@gmail.com, zehra.media@gmail.com",,"https://www.facebook.com/librairie.zakioui.freres, http://web.facebook.com/%D8%A7%D9%84%D9%86%D8%A7%D8%AF%D9%8A-%D8%A7%D9%84%D9%85%D9%83%D9%86%D8%A7%D8%B3%D9%8A-%D9%84%D9%83%D8%B1%D8%A9-%D8%A7%D9%84%D8%B3%D9%84%D8%A9-%D8%A7%D9%84%D8%B5%D9%81%D8%AD%D8%A9-%D8%A7%D9%84%D8%B1%D8%B3%D9%85%D9%8A%D8%A9-codm-basketball-845116398833598/, https://www.facebook.com/provestia, https://web.facebook.com/CLUBELCLASSICO, https://www.facebook.com/meknassacar, http://web.facebook.com/Renault-Dacia-Auto-Meski-Meknès-993853660745924, http://www.facebook.com/festivalmeknes, https://www.facebook.com/fmudmaroc/",,,,"https://www.youtube.com/watch?v=Pl8EG8pBJiM, https://www.youtube.com/watch?v=kF2CWUWYF24",,"https://meknespress.com/articles/categories/5 ==> True, https://www.meknespress.com/pages/participe ==> True, https://meknespress.com/erreur/ ==> True, https://meknespress.com/ ==> True, https://www.meknespress.com/contact/ ==> True, https://www.meknespress.com/contact/nous ==> True"
https://fesnews.net/,fesnews9@gmail.com,"0607338899, 0693485457","https://www.facebook.com/fesnews.media.officiel, https://www.facebook.com/fesnews.media/","https://twitter.com/share, https://twitter.com/Fesnews_Media",https://www.instagram.com/fesnews.media/,https://www.linkedin.com/company/fesnews/?viewAsMember=true,"https://www.youtube.com/watch?v=kF2CWUWYF24, https://www.youtube.com/channel/UC0UsyTh4vt28scnPLEd_45A",https://www.tiktok.com/@fesnews?lang=fr,"https://fesnews.net/category/%d9%81%d8%b1%d8%b5-%d8%b9%d9%85%d9%84/ ==> True, https://fesnews.net/contactus/ ==> True, https://fesnews.net/#google_vignette ==> True, https://fesnews.net/ ==> True"
https://zaiocity.net/,"elbali1953@gmail.com, zaiocity.net@gmail.com, rachid_khattach@hotmail.com, ahmedabdelkhalek@hotmail.de","0668262248, 05363381020668262248, 0536338102, 91011121314151617181920",https://facebook.com/zaiocity.ma/,,https://www.instagram.com/zaio_city1/,,https://www.youtube.com/c/zaiocity110347347509297880478,,"https://zaiocity.net/ ==> True, https://zaiocity.net/#google_vignette ==> True, https://zaiocity.net/contact/ ==> True"
https://www.xalimasn.com/,"presse@xalimasn.com, pub@xalimasn.com, infos@xalimasn.com, technique@xalimasn.com, partenariat@xalimasn.com, Nuspresse@xalimasn.com, NoussePress@xalimasn.com, tech@xalimasn.com","(+1)(404)5472456, +221 773 631415, +1)(404)547-2456, +14045472456, +1(404)547-2456, +221773631415, +1)514-388-2083, +1(514)-388-2083, (+1)514-388-2083, +1 514-388-2083, +1 404 547 2456, (+1)(404)547-2456, +1 404 547-2456",https://www.facebook.com/waxalima,https://twitter.com/xalimasn,https://www.instagram.com/xalimasn,,https://www.youtube.com/@Xalimasenegal?sub_confirmation=1,,"https://www.xalimasn.com/ ==> True, https://www.xalimasn.com/contacts/ ==> True, https://www.xalimasn.com/#google_vignette ==> True"
https://rue20.com/,Rue20.contact@gmail.com,"0699766544, 212.537701023, 0537701023, 0662660375, 0602843597, 37701023(212), 0638750838, 00212.537701023, 00212.661373999, 0677601297, 212.661373999, 0661373999, (212), 0661083414",https://www.facebook.com/Rue20Com,https://twitter.com/rue20ma,,,https://youtube.com/user/20zanka,,"https://rue20.com/%d8%a5%d8%aa%d8%b5%d9%84-%d8%a8%d9%86%d8%a7 ==> True, https://rue20.com/ ==> True, https://rue20.com/#google_vignette ==> True, https://rue20.com/%d8%a3%d8%b9%d9%84%d9%86-%d9%85%d8%b9%d9%86%d8%a7 ==> True"
https://www.maarifpress.com/,,,https://www.facebook.com/maarifpress,https://twitter.com/fathallh,https://instagram.com/maarif.press,,https://youtube.com/channel/UC0iyikg_M52GPwlHVx2StGw,,"https://www.maarifpress.com/bs-contact-us ==> True, https://www.maarifpress.com/ ==> True"
https://www.achpress.com/,,910111213141516,,,,,,,"https://www.diet-foods.org/best-foods-relaxation/ ==> False, https://www.achpress.com/ ==> True"
https://almarssadpro.com/,,,,,,,,,https://almarssadpro.com/ ==> False
https://www.choufmedia.ma/,,"-05-2817:01:49, 41.249.251.141",,,,,,,https://www.choufmedia.ma/ ==> True
https://article19.ma/accueil/,"Article19press@gmail.com, article19press@gmail.com, share-button-shadow@2x.png","212(0)537703940, +212(0)537703940",https://www.facebook.com/article19.ma/,https://twitter.com/Article19ma,https://www.instagram.com/article19press/,,https://www.youtube.com/channel/UC7eCE9WHz6GEuyepCzHDicw,,"https://article19.ma/accueil/ ==> True, https://article19.ma/accueil/contact ==> True"
https://www.ariffino.net/,"contact@ariffino.net, ariffinonet@yahoo.com","0620244037, 0661646708, 0661716667",https://www.facebook.com/ariffino.net,,,,https://www.youtube.com/channel/UC1acV0bEYN8OqMIKPrbi0MQ,,"https://www.ariffino.net/%d8%a5%d8%aa%d8%b5%d9%84-%d8%a8%d9%86%d8%a7 ==> True, https://www.ariffino.net/#google_vignette ==> True, https://www.ariffino.net/my-account/edit-address ==> True, https://www.ariffino.net/ ==> True"
https://klamkom.com/,Nbpresse@gmail.com,,,,,,https://www.youtube.com/c/%D8%AC%D8%B1%D9%8A%D8%AF%D8%A9%D9%83%D9%84%D8%A7%D9%85%D9%83%D9%85,,"https://klamkom.com/%d9%85%d9%86-%d9%86%d8%ad%d9%86/ ==> True, https://klamkom.com/%d9%84%d9%84%d8%a5%d8%aa%d8%b5%d8%a7%d9%84-%d8%a8%d9%86%d8%a7/ ==> True, https://klamkom.com/%d8%a7%d9%84%d8%a5%d8%af%d8%a7%d8%b1%d8%a9-%d9%88-%d8%a7%d9%84%d8%aa%d8%ad%d8%b1%d9%8a%d8%b1/ ==> True, https://klamkom.com/%d9%84%d9%84%d8%a5%d8%b9%d9%84%d8%a7%d9%86/ ==> True, https://klamkom.com/ ==> True"
https://halapress.com/,,,,,,,,,https://halapress.com/ ==> False
https://www.tizpress.com/,,"09-5.30pm, 678910111213141516",https://www.facebook.com/wwwtizpresscom,https://twitter.com/wwwtizpresscom,,,,,"https://www.tizpress.com/#google_vignette ==> True, https://www.tizpress.com/ ==> True"
https://insafpress.com/,contact@insafpress.com,"32023-12-19, 22023-12-27",https://www.facebook.com/insafpress/,https://twitter.com/insafpress,,,https://www.youtube.com/channel/UC-dd0RRMH7evb1fGnzci80A,,"https://insafpress.com/ ==> True, https://insafpress.com/%d8%a5%d8%aa%d8%b5%d9%84-%d8%a8%d9%86%d8%a7 ==> True, https://insafpress.com/%d9%81%d8%b1%d9%8a%d9%82-%d8%a7%d9%84%d8%b9%d9%85%d9%84 ==> True, https://insafpress.com/media ==> True, https://insafpress.com/%d9%84%d9%84%d8%a5%d8%b4%d9%87%d8%a7%d8%b1-%d9%85%d8%b9%d9%86%d8%a7 ==> True"
https://hisspress.net/,"hisspress@hotmail.fr, boutaybimhand@gmail.com","123456789101112131415, 0536338769, 053633876906731644241, 0673164424",,,,,,,"https://hisspress.net/%d8%a7%d8%aa%d8%b5%d9%84-%d8%a8%d9%86%d8%a7/ ==> True, https://hisspress.net/ ==> True"
https://www.actu-maroc.com/,leportail2008@yahoo.fr,,"http://www.facebook.com/sharer.php?u=https%3A%2F%2Fwww.actu-maroc.com%2Fdix-morts-et-quarante-blesses-dans-un-accident-dautocar%2F, https://www.facebook.com/actumaroccom/, http://www.facebook.com/sharer.php?u=https%3A%2F%2Fwww.actu-maroc.com%2Fnouveau-depart-de-lunion-du-maghreb-arabe-avec-tarek-ben-salem%2F, http://www.facebook.com/sharer.php?u=https%3A%2F%2Fwww.actu-maroc.com%2Ffeu-vert-du-ministre-de-la-justice-vers-une-politique-hoteliere-plus-liberale%2F, http://www.facebook.com/sharer.php?u=https%3A%2F%2Fwww.actu-maroc.com%2Ftanger-prend-des-mesures-severes-le-caid-implique-dans-le-batiment-illegal-suspendu%2F, http://www.facebook.com/sharer.php?u=https%3A%2F%2Fwww.actu-maroc.com%2Fclarification-vigoureuse-de-la-ministre-leila-benali-face-aux-accusations-mediatiques%2F","https://twitter.com/actu_maroc_com, https://twitter.com/intent/tweet?text=Feu%20vert%20du%20ministre%20de%20la%20justice%20%3A%20Vers%20une%20politique%20h%C3%B4teli%C3%A8re%20plus%20lib%C3%A9rale%20via%20%40https%3A%2F%2Ftwitter.com%2Factu_maroc_com&amp;url=https%3A%2F%2Fwww.actu-maroc.com%2Ffeu-vert-du-ministre-de-la-justice-vers-une-politique-hoteliere-plus-liberale%2F, https://twitter.com/intent/tweet?text=Dix%20morts%20et%20quarante%20bless%C3%A9s%20dans%20un%20accident%20d%E2%80%99autocar%20via%20%40https%3A%2F%2Ftwitter.com%2Factu_maroc_com&amp;url=https%3A%2F%2Fwww.actu-maroc.com%2Fdix-morts-et-quarante-blesses-dans-un-accident-dautocar%2F, https://twitter.com/intent/tweet?text=Clarification%20vigoureuse%20de%20la%20ministre%20Leila%20Benali%20face%20aux%20accusations%20m%C3%A9diatiques%20via%20%40https%3A%2F%2Ftwitter.com%2Factu_maroc_com&amp;url=https%3A%2F%2Fwww.actu-maroc.com%2Fclarification-vigoureuse-de-la-ministre-leila-benali-face-aux-accusations-mediatiques%2F, https://twitter.com/intent/tweet?text=Nouveau%20d%C3%A9part%20de%20l%E2%80%99Union%20du%20Maghreb%20Arabe%20avec%20Tarek%20Ben%20Salem%20%3F%20via%20%40https%3A%2F%2Ftwitter.com%2Factu_maroc_com&amp;url=https%3A%2F%2Fwww.actu-maroc.com%2Fnouveau-depart-de-lunion-du-maghreb-arabe-avec-tarek-ben-salem%2F, https://twitter.com/intent/tweet?text=Tanger%20prend%20des%20mesures%20s%C3%A9v%C3%A8res%20%3A%20le%20Ca%C3%AFd%20impliqu%C3%A9%20dans%20le%20b%C3%A2timent%20ill%C3%A9gal%20suspendu%20via%20%40https%3A%2F%2Ftwitter.com%2Factu_maroc_com&amp;url=https%3A%2F%2Fwww.actu-maroc.com%2Ftanger-prend-des-mesures-severes-le-caid-implique-dans-le-batiment-illegal-suspendu%2F",,,https://www.youtube.com/@actu-marocofficiel7588,,"https://www.actu-maroc.com/contact/ ==> True, https://www.actu-maroc.com/ ==> True"
https://www.leconomistemaghrebin.com/,contact@promedia.tn,"+216 71790773, +216 71792499, +216 71791427, +216)71790773/71792499, 793707/71791427, +216 71793707","https://facebook.com/leconomistemaghrebin, https://www.facebook.com/leconomistemaghrebin, https://www.facebook.com/sharer.php?u=https%3A%2F%2Fwww.leconomistemaghrebin.com%2F2024%2F05%2F18%2Fvers-une-mode-responsable-et-durable%2F, https://www.facebook.com/leconomistemaghrebin/","https://twitter.com/intent/tweet?text=Vers+une+mode+responsable+et+durable&amp;url=https%3A%2F%2Fwww.leconomistemaghrebin.com%2F2024%2F05%2F18%2Fvers-une-mode-responsable-et-durable%2F&amp;via=Leconomiste+Maghrebin, https://twitter.com/EconomisteMagh, https://twitter.com/economiste_magh",https://instagram.com/leconomiste.maghrebin,"https://www.linkedin.com/in/l-economiste-maghr%C3%A9bin-18818084, https://linkedin.com/shareArticle?mini=true&amp;url=https%3A%2F%2Fwww.leconomistemaghrebin.com%2F2024%2F05%2F18%2Fvers-une-mode-responsable-et-durable%2F&amp;title=Vers+une+mode+responsable+et+durable",https://www.youtube.com/EconomisteMaghrebin,,"https://www.leconomistemaghrebin.com/ ==> True, https://www.leconomistemaghrebin.com/2024/05/18/vers-une-mode-responsable-et-durable/ ==> True"
https://azilalalhora.com/,azilalalhora@gmail.com,456789101112131415,,,,,,,https://azilalalhora.com/ ==> True
https://www.financialafrik.com/,"dominique.mabika@financialafrik.com, flags@2x.png, adama.wade@financialafrik.com, address@mail.com, diye.sarr@financialafrik.com, ariane.adissa@financialafrik.com, ibrahima.dia@financialafrik.com, diallo.mamadou@financialafrik.com, wafamasarr@yahoo.fr, it@regienordsud.com, gilves01@gmail.com, redaction@financialafrik.com","221338272309, )01-06-2024-01-, 22244591121, -06-2024-04-06-2024, 00221771112251, 00221338272309, 27-05-2024-31-05-2024, 0022244591121, 01-06-2024-05-, 0618725553",https://www.facebook.com/FinancialAfrik/,https://twitter.com/Financialafrik,https://www.instagram.com/financialafrikbusiness/,"https://www.linkedin.com/company/sunu-group/, https://www.linkedin.com/company/financialafrik",https://www.youtube.com/c/FinancialAfrikFA,,"https://login.infomaniak.com/en/login?client=a0047b4a-7f65-444d-854d-91feadcd7651&oa2=1&r=eyJ0eXAiOiJKV1QiLCJhbGciOiJIUzI1NiIsImtpZCI6ImxvYTItMSJ9.eyJpc3MiOiJodHRwczovL2xvZ2luLmluZm9tYW5pYWsuY29tIiwiYXVkIjoiaHR0cHM6Ly9sb2dpbi5pbmZvbWFuaWFrLmNvbSIsInUiOiJodHRwczovL2xvZ2luLmluZm9tYW5pYWsuY29tL2F1dGhvcml6ZT9hY2Nlc3NfdHlwZT1vZmZsaW5lJmNvZGVfY2hhbGxlbmdlPXRLVGp6cExiTHRmeEtqcG54N3RWRElpZ0FuOFRoVlEwOS16N0trOTJOT2MmY29kZV9jaGFsbGVuZ2VfbWV0aG9kPVMyNTYmcmVkaXJlY3RfdXJpPWh0dHBzJTNBJTJGJTJGbWFpbC5pbmZvbWFuaWFrLmNvbSUyRm9hdXRoJnM9dyZzY29wZT1hY2NvdW50cyUyMG1haWwlMjBwcml2YXRlJTIwc21zJTIwdXNlcl9lbWFpbCUyMHVzZXJfaW5mbyUyMHVzZXJfcGFzc3dvcmQlMjBwcm9maWxlX3VwZGF0ZSUyMGNyeXB0X2tleSUyMGRyaXZlJTIwd29ya3NwYWNlJTNBbWFpbCUyMHdvcmtzcGFjZSUzQWNvbnRhY3QlMjB3b3Jrc3BhY2UlM0FjYWxlbmRhciZzdGF0ZT0lMjFKTjhOR0tFSHJpc3NGZnN5NXBFIn0.DbdfTrcLhlimk8dRaiiy4NdK-DVThFGU1sC_k3Pklb4 ==> True, https://www.financialafrik.com/a-propos/ ==> True, https://www.financialafrik.com/ ==> True, https://www.financialafrik.com/contacts/ ==> True"
https://www.cawalisse.com/,"journal@cawalisse.comads, ads@cawalisse.com, journal@cawalisse.com, journalcawalisse@gmail.com, contact@cawalisse.com, Journalcawalisse@gmail.com","1314151617181920, 0661976008",https://www.facebook.com/cawalisse,,https://instagram.com/cawalisse1,,https://youtube.com/channel/UCppEDuaNja3XJ4mAkiGDOBQ,,"https://www.cawalisse.com/author/almoharir/ ==> True, https://www.cawalisse.com/#google_vignette ==> True, https://www.cawalisse.com/ ==> True, https://www.cawalisse.com/%d9%84%d9%84%d8%a7%d8%aa%d8%b5%d8%a7%d9%84-%d8%a8%d9%86%d8%a7/ ==> True"
https://www.assahraoui.info/,", mohammed.salem@aljareeda.com, assahraoui50@gmail.com","00212 6613846133, 0021 662 38 4613, 00212661384613",https://www.facebook.com/assahraoui.info/,https://twitter.com/AssahraouiI,,,https://www.youtube.com/channel/UC05MDQYc_mn2o0QKWloaGzQ,,"https://www.assahraoui.info/info ==> True, https://www.assahraoui.info/#google_vignette ==> True, https://www.assahraoui.info/archives/category/finance ==> True, https://www.assahraoui.info/ ==> True, https://www.assahraoui.info/contact ==> True"
